{"cameraMode":{"drawMode":0,"name":"Shaded","section":"Shading Mode"},"sceneLighting":true,"audioPlay":false,"sceneViewState":{"m_AlwaysRefresh":false,"showFog":true,"showSkybox":true,"showFlares":true,"showImageEffects":true,"showParticleSystems":true,"showVisualEffectGraphs":true,"m_FxEnabled":true},"in2DMode":false,"pivot":{"x":2.3254003524780275,"y":1.0067024230957032,"z":3.5306994915008547},"rotation":{"x":-0.0007321031298488379,"y":0.9981721043586731,"z":-0.059370577335357669,"w":-0.012277083471417427},"size":2.0937514305114748,"orthographic":false}